subniche,palavra_chave
acessorios-geral,acessorio carro
acessorios-geral,acessorio moto
acessorios-geral,acessório carro
acessorios-geral,acessório moto
acessorios-geral,auto e moto
acessorios-geral,auto-e-moto
acessorios-geral,automotivo
acessorios-geral,carro
acessorios-geral,moto
acessorios-geral,produto automotivo
acessorios-geral,veicular
audio-e-som,alto falante carro
audio-e-som,amplificador automotivo
audio-e-som,auto falante carro
audio-e-som,caixa som carro
audio-e-som,corneta
audio-e-som,driver som
audio-e-som,falante carro
audio-e-som,kit alto falante
audio-e-som,modulo som
audio-e-som,módulo som
audio-e-som,radio carro
audio-e-som,rádio carro
audio-e-som,som automotivo
audio-e-som,som carro
audio-e-som,subwoofer
audio-e-som,tweeter
audio-e-som,woofer
capacetes-e-protecao-motociclista,balaclava moto
capacetes-e-protecao-motociclista,bota moto
capacetes-e-protecao-motociclista,calca moto
capacetes-e-protecao-motociclista,calça moto
capacetes-e-protecao-motociclista,capa chuva motociclista
capacetes-e-protecao-motociclista,capacete moto
capacetes-e-protecao-motociclista,cotoveleira moto
capacetes-e-protecao-motociclista,equipamento motociclista
capacetes-e-protecao-motociclista,jaqueta moto
capacetes-e-protecao-motociclista,joelheira moto
capacetes-e-protecao-motociclista,luva moto
capacetes-e-protecao-motociclista,protetor coluna moto
capacetes-e-protecao-motociclista,protetor motociclista
capacetes-e-protecao-motociclista,viseira capacete
capas-e-protecao,capa banco carro
capas-e-protecao,capa banco moto
capas-e-protecao,capa cambio
capas-e-protecao,capa carro
capas-e-protecao,capa chave carro
capas-e-protecao,capa chuva moto
capas-e-protecao,capa câmbio
capas-e-protecao,capa freio mao
capas-e-protecao,capa freio mão
capas-e-protecao,capa moto
capas-e-protecao,capa painel
capas-e-protecao,capa retrovisor
capas-e-protecao,capa volante
capas-e-protecao,protetor banco
capas-e-protecao,protetor moto
capas-e-protecao,protetor para choque
capas-e-protecao,protetor parachoque
direcao-e-controles,bola cambio
direcao-e-controles,bola câmbio
direcao-e-controles,borboleta volante
direcao-e-controles,buzina carro
direcao-e-controles,cambio carro
direcao-e-controles,capa volante esportivo
direcao-e-controles,câmbio carro
direcao-e-controles,manete moto
direcao-e-controles,manopla cambio
direcao-e-controles,manopla câmbio
direcao-e-controles,manopla moto
direcao-e-controles,pomo cambio
direcao-e-controles,pomo câmbio
direcao-e-controles,punho moto
direcao-e-controles,retrovisor carro
direcao-e-controles,retrovisor moto
direcao-e-controles,shift knob
direcao-e-controles,volante carro
direcao-e-controles,volante esportivo
eletrica-e-sensores,alarme sensor
eletrica-e-sensores,bateria carro
eletrica-e-sensores,bateria moto
eletrica-e-sensores,botao carro
eletrica-e-sensores,botão carro
eletrica-e-sensores,chicote carro
eletrica-e-sensores,chicote moto
eletrica-e-sensores,conector automotivo
eletrica-e-sensores,fusivel carro
eletrica-e-sensores,fusivel moto
eletrica-e-sensores,fusível carro
eletrica-e-sensores,fusível moto
eletrica-e-sensores,interruptor carro
eletrica-e-sensores,porta fusivel
eletrica-e-sensores,porta fusível
eletrica-e-sensores,rele automotivo
eletrica-e-sensores,relé automotivo
eletrica-e-sensores,sensor carro
eletrica-e-sensores,sensor moto
eletrica-e-sensores,terminal bateria
eletrica-e-sensores,tomada 12v
emergencia-e-seguranca,cabo chupeta
emergencia-e-seguranca,cinta reboque
emergencia-e-seguranca,colete refletivo
emergencia-e-seguranca,extintor carro
emergencia-e-seguranca,guincho carro
emergencia-e-seguranca,jumper bateria
emergencia-e-seguranca,kit emergencia carro
emergencia-e-seguranca,kit emergência carro
emergencia-e-seguranca,martelo emergencia
emergencia-e-seguranca,martelo emergência
emergencia-e-seguranca,partida auxiliar
emergencia-e-seguranca,pisca alerta emergencia
emergencia-e-seguranca,primeiros socorros carro
emergencia-e-seguranca,sinalizador carro
emergencia-e-seguranca,triangulo carro
emergencia-e-seguranca,triângulo carro
energia-e-conectividade,acendedor cigarro
energia-e-conectividade,adaptador 12v
energia-e-conectividade,adaptador 24v
energia-e-conectividade,adaptador carro
energia-e-conectividade,adaptador usb carro
energia-e-conectividade,adaptador veicular
energia-e-conectividade,bluetooth carro
energia-e-conectividade,cabo carro
energia-e-conectividade,cabo tipo c
energia-e-conectividade,cabo usb
energia-e-conectividade,cabo usb carro
energia-e-conectividade,car charger
energia-e-conectividade,carregador carro
energia-e-conectividade,carregador moto
energia-e-conectividade,carregador veicular
energia-e-conectividade,entrada usb carro
energia-e-conectividade,powerbank carro
energia-e-conectividade,splitter veicular
energia-e-conectividade,tomada carro
energia-e-conectividade,transmissor fm
energia-e-conectividade,usb carro
exterior-e-personalizacao,acabamento carro
exterior-e-personalizacao,adesivo carro
exterior-e-personalizacao,aerofolio
exterior-e-personalizacao,aerofólio
exterior-e-personalizacao,antena shark
exterior-e-personalizacao,antenna shark
exterior-e-personalizacao,calha chuva
exterior-e-personalizacao,emblema carro
exterior-e-personalizacao,emblema moto
exterior-e-personalizacao,envelopamento
exterior-e-personalizacao,friso carro
exterior-e-personalizacao,grade carro
exterior-e-personalizacao,moldura carro
exterior-e-personalizacao,pelicula carro
exterior-e-personalizacao,película carro
exterior-e-personalizacao,soleira carro
exterior-e-personalizacao,spoiler
exterior-e-personalizacao,tuning carro
ferramentas-e-manutencao,alicate automotivo
ferramentas-e-manutencao,cavalete moto
ferramentas-e-manutencao,chave roda
ferramentas-e-manutencao,chave vela
ferramentas-e-manutencao,ferramenta carro
ferramentas-e-manutencao,ferramenta moto
ferramentas-e-manutencao,kit ferramenta
ferramentas-e-manutencao,macaco hidraulico
ferramentas-e-manutencao,macaco hidráulico
ferramentas-e-manutencao,manutencao moto
ferramentas-e-manutencao,manutenção moto
ferramentas-e-manutencao,multimetro automotivo
ferramentas-e-manutencao,multímetro automotivo
ferramentas-e-manutencao,obd2
ferramentas-e-manutencao,reparo carro
ferramentas-e-manutencao,saca filtro
ferramentas-e-manutencao,scanner automotivo
ferramentas-e-manutencao,torquimetro
ferramentas-e-manutencao,torquímetro
iluminacao,barra led
iluminacao,farol auxiliar
iluminacao,farol led carro
iluminacao,farol led moto
iluminacao,lampada led carro
iluminacao,lampada led moto
iluminacao,lanterna carro
iluminacao,lanterna moto
iluminacao,led carro
iluminacao,led moto
iluminacao,luz interna carro
iluminacao,luz placa
iluminacao,lâmpada led carro
iluminacao,lâmpada led moto
iluminacao,milha carro
iluminacao,pisca moto
iluminacao,strobo carro
iluminacao,xenon carro
limpeza-e-estetica,aspirador carro
limpeza-e-estetica,cera automotiva
limpeza-e-estetica,cera carro
limpeza-e-estetica,detailing carro
limpeza-e-estetica,escova limpeza carro
limpeza-e-estetica,estetica automotiva
limpeza-e-estetica,higienizador ar
limpeza-e-estetica,lava autos
limpeza-e-estetica,lavagem carro
limpeza-e-estetica,limpa painel
limpeza-e-estetica,limpa pneu
limpeza-e-estetica,limpa vidro
limpeza-e-estetica,limpador automotivo
limpeza-e-estetica,pano microfibra
limpeza-e-estetica,polimento carro
limpeza-e-estetica,pretinho pneu
limpeza-e-estetica,reparador plastico
limpeza-e-estetica,reparador plástico
limpeza-e-estetica,revitalizador plastico
limpeza-e-estetica,revitalizador plástico
limpeza-e-estetica,shampoo automotivo
limpeza-e-estetica,silicone automotivo
mecanica-e-pecas,bomba combustivel
mecanica-e-pecas,bomba combustível
mecanica-e-pecas,carburador moto
mecanica-e-pecas,correia carro
mecanica-e-pecas,corrente moto
mecanica-e-pecas,disco freio
mecanica-e-pecas,embreagem moto
mecanica-e-pecas,filtro ar
mecanica-e-pecas,filtro oleo
mecanica-e-pecas,filtro óleo
mecanica-e-pecas,junta motor
mecanica-e-pecas,kit relacao moto
mecanica-e-pecas,kit relação moto
mecanica-e-pecas,pastilha freio
mecanica-e-pecas,peca carro
mecanica-e-pecas,peca moto
mecanica-e-pecas,peça carro
mecanica-e-pecas,peça moto
mecanica-e-pecas,vela ignicao
mecanica-e-pecas,vela ignição
moto-acessorios,adesivo moto
moto-acessorios,bagageiro moto
moto-acessorios,bau moto
moto-acessorios,baú moto
moto-acessorios,bolha moto
moto-acessorios,carenagem moto
moto-acessorios,descanso moto
moto-acessorios,guidao moto
moto-acessorios,guidão moto
moto-acessorios,paralama moto
moto-acessorios,protetor carenagem
moto-acessorios,protetor motor moto
moto-acessorios,rabeta moto
moto-acessorios,slider moto
moto-acessorios,suporte placa moto
moto-acessorios,tanque moto
multimidia-e-gps,android auto
multimidia-e-gps,camera re multimidia
multimidia-e-gps,carplay
multimidia-e-gps,central multimidia
multimidia-e-gps,central multimídia
multimidia-e-gps,câmera ré multimídia
multimidia-e-gps,dvd carro
multimidia-e-gps,gps carro
multimidia-e-gps,mp3 carro
multimidia-e-gps,mp5 carro
multimidia-e-gps,multimidia carro
multimidia-e-gps,multimídia carro
multimidia-e-gps,radio multimidia
multimidia-e-gps,rádio multimídia
multimidia-e-gps,tela automotiva
oleos-e-fluidos,aditivo radiador
oleos-e-fluidos,agua desmineralizada
oleos-e-fluidos,desengripante
oleos-e-fluidos,fluido freio
oleos-e-fluidos,fluido radiador
oleos-e-fluidos,graxa moto
oleos-e-fluidos,limpa ar condicionado
oleos-e-fluidos,limpa bico
oleos-e-fluidos,lubrificante corrente
oleos-e-fluidos,oleo carro
oleos-e-fluidos,oleo moto
oleos-e-fluidos,oleo motor
oleos-e-fluidos,água desmineralizada
oleos-e-fluidos,óleo carro
oleos-e-fluidos,óleo moto
oleos-e-fluidos,óleo motor
organizacao-e-conforto,almofada carro
organizacao-e-conforto,aromatizador carro
organizacao-e-conforto,bolsa porta malas
organizacao-e-conforto,console carro
organizacao-e-conforto,cortina carro
organizacao-e-conforto,encosto cabeca
organizacao-e-conforto,encosto cabeça
organizacao-e-conforto,gancho carro
organizacao-e-conforto,lixeira carro
organizacao-e-conforto,organizador carro
organizacao-e-conforto,organizador porta malas
organizacao-e-conforto,porta copos carro
organizacao-e-conforto,porta malas carro
organizacao-e-conforto,porta objetos carro
organizacao-e-conforto,porta treco carro
organizacao-e-conforto,protetor sol carro
organizacao-e-conforto,quebra sol carro
pneus-rodas-e-calibragem,bico pneu
pneus-rodas-e-calibragem,bomba pneu
pneus-rodas-e-calibragem,calibrador pneu
pneus-rodas-e-calibragem,camara pneu
pneus-rodas-e-calibragem,compressor ar carro
pneus-rodas-e-calibragem,câmara pneu
pneus-rodas-e-calibragem,kit reparo pneu
pneus-rodas-e-calibragem,macaco carro
pneus-rodas-e-calibragem,medidor pressao pneu
pneus-rodas-e-calibragem,medidor pressão pneu
pneus-rodas-e-calibragem,parafuso roda
pneus-rodas-e-calibragem,pneu carro
pneus-rodas-e-calibragem,pneu moto
pneus-rodas-e-calibragem,porca roda
pneus-rodas-e-calibragem,reparo pneu
pneus-rodas-e-calibragem,roda carro
pneus-rodas-e-calibragem,roda moto
pneus-rodas-e-calibragem,tampa valvula
pneus-rodas-e-calibragem,tampa válvula
pneus-rodas-e-calibragem,valvula pneu
pneus-rodas-e-calibragem,válvula pneu
seguranca-e-monitoramento,alarme carro
seguranca-e-monitoramento,alarme moto
seguranca-e-monitoramento,anti furto moto
seguranca-e-monitoramento,antifurto moto
seguranca-e-monitoramento,bloqueador veicular
seguranca-e-monitoramento,camera carro
seguranca-e-monitoramento,camera de re
seguranca-e-monitoramento,camera re
seguranca-e-monitoramento,camera veicular
seguranca-e-monitoramento,câmera carro
seguranca-e-monitoramento,câmera de ré
seguranca-e-monitoramento,câmera ré
seguranca-e-monitoramento,câmera veicular
seguranca-e-monitoramento,dashcam
seguranca-e-monitoramento,dvr veicular
seguranca-e-monitoramento,rastreador moto
seguranca-e-monitoramento,rastreador veicular
seguranca-e-monitoramento,sensor estacionamento
seguranca-e-monitoramento,sensor re
seguranca-e-monitoramento,sensor ré
seguranca-e-monitoramento,trava moto
seguranca-e-monitoramento,trava volante
suportes-e-fixadores,base celular carro
suportes-e-fixadores,fixador celular
suportes-e-fixadores,holder carro
suportes-e-fixadores,porta celular carro
suportes-e-fixadores,porta celular moto
suportes-e-fixadores,suporte carro
suportes-e-fixadores,suporte celular carro
suportes-e-fixadores,suporte celular moto
suportes-e-fixadores,suporte guidao
suportes-e-fixadores,suporte guidão
suportes-e-fixadores,suporte moto
suportes-e-fixadores,suporte painel
suportes-e-fixadores,suporte parabrisa
suportes-e-fixadores,suporte retrovisor
suportes-e-fixadores,suporte veicular
tapetes-e-interior,descanso pe moto
tapetes-e-interior,descanso pé moto
tapetes-e-interior,forro carro
tapetes-e-interior,interior carro
tapetes-e-interior,jogo tapete carro
tapetes-e-interior,pedal carro
tapetes-e-interior,pedaleira moto
tapetes-e-interior,protetor assoalho
tapetes-e-interior,soleira interna
tapetes-e-interior,tapete automotivo
tapetes-e-interior,tapete carro
tapetes-e-interior,tapete moto
tapetes-e-interior,tapete porta malas
tapetes-e-interior,tapete pvc carro
